Albania,Italy
Albania,France
Albania,Switzerland
Albania,Ukraine
Albania,Finland
Albania,Malta
Albania,Greece
Albania,Bulgaria
Albania,Moldova
Albania,Sweden
Albania,Serbia
Albania,Cyprus
Albania,Azerbaijan
Albania,San_Marino
Australia,Italy
Australia,France
Australia,Switzerland
Australia,Iceland
Australia,Ukraine
Australia,Finland
Australia,Malta
Australia,Lithuania
Australia,Russia
Australia,Bulgaria
Australia,Serbia
Australia,Cyprus
Australia,Norway
Australia,Netherlands
Austria,Italy
Austria,France
Austria,Switzerland
Austria,Iceland
Austria,Ukraine
Austria,Finland
Austria,Malta
Austria,Lithuania
Austria,Bulgaria
Austria,Portugal
Austria,Serbia
Austria,Norway
Austria,Netherlands
Austria,Germany
Azerbaijan,Italy
Azerbaijan,France
Azerbaijan,Switzerland
Azerbaijan,Ukraine
Azerbaijan,Finland
Azerbaijan,Malta
Azerbaijan,Russia
Azerbaijan,Greece
Azerbaijan,Bulgaria
Azerbaijan,Portugal
Azerbaijan,Moldova
Azerbaijan,Sweden
Azerbaijan,Israel
Azerbaijan,Norway
Azerbaijan,Belgium
Azerbaijan,San_Marino
Belgium,Italy
Belgium,France
Belgium,Switzerland
Belgium,Iceland
Belgium,Ukraine
Belgium,Finland
Belgium,Malta
Belgium,Lithuania
Belgium,Russia
Belgium,Bulgaria
Belgium,Portugal
Belgium,Sweden
Belgium,Norway
Bulgaria,Italy
Bulgaria,France
Bulgaria,Switzerland
Bulgaria,Ukraine
Bulgaria,Finland
Bulgaria,Malta
Bulgaria,Russia
Bulgaria,Greece
Bulgaria,Portugal
Bulgaria,Moldova
Bulgaria,Sweden
Bulgaria,Serbia
Bulgaria,Israel
Bulgaria,Azerbaijan
Bulgaria,Netherlands
Bulgaria,Spain
Croatia,Italy
Croatia,France
Croatia,Switzerland
Croatia,Iceland
Croatia,Ukraine
Croatia,Finland
Croatia,Malta
Croatia,Lithuania
Croatia,Russia
Croatia,Portugal
Croatia,Serbia
Croatia,Israel
Croatia,Azerbaijan
Croatia,Albania
Cyprus,Italy
Cyprus,France
Cyprus,Switzerland
Cyprus,Ukraine
Cyprus,Finland
Cyprus,Malta
Cyprus,Lithuania
Cyprus,Russia
Cyprus,Greece
Cyprus,Bulgaria
Cyprus,Portugal
Cyprus,Israel
Cyprus,Belgium
Czech_Republic,Italy
Czech_Republic,France
Czech_Republic,Switzerland
Czech_Republic,Iceland
Czech_Republic,Ukraine
Czech_Republic,Finland
Czech_Republic,Malta
Czech_Republic,Lithuania
Czech_Republic,Russia
Czech_Republic,Greece
Czech_Republic,Bulgaria
Czech_Republic,Portugal
Czech_Republic,Moldova
Czech_Republic,Belgium
Denmark,Italy
Denmark,France
Denmark,Switzerland
Denmark,Iceland
Denmark,Ukraine
Denmark,Finland
Denmark,Malta
Denmark,Lithuania
Denmark,Bulgaria
Denmark,Sweden
Denmark,Israel
Denmark,Norway
Denmark,Albania
Denmark,San_Marino
Estonia,Italy
Estonia,France
Estonia,Switzerland
Estonia,Iceland
Estonia,Ukraine
Estonia,Finland
Estonia,Malta
Estonia,Lithuania
Estonia,Russia
Estonia,Bulgaria
Estonia,Portugal
Estonia,Sweden
Estonia,Norway
Finland,Italy
Finland,France
Finland,Switzerland
Finland,Iceland
Finland,Ukraine
Finland,Malta
Finland,Lithuania
Finland,Russia
Finland,Greece
Finland,Bulgaria
Finland,Moldova
Finland,Sweden
Finland,Norway
France,Italy
France,Switzerland
France,Iceland
France,Ukraine
France,Finland
France,Russia
France,Greece
France,Portugal
France,Moldova
France,Sweden
France,Serbia
France,Cyprus
France,Israel
France,Belgium
France,San_Marino
Georgia,Italy
Georgia,France
Georgia,Switzerland
Georgia,Iceland
Georgia,Ukraine
Georgia,Malta
Georgia,Lithuania
Georgia,Russia
Georgia,Greece
Georgia,Bulgaria
Georgia,Portugal
Georgia,Moldova
Georgia,Azerbaijan
Georgia,San_Marino
Georgia,Netherlands
Germany,Italy
Germany,France
Germany,Switzerland
Germany,Iceland
Germany,Ukraine
Germany,Finland
Germany,Malta
Germany,Lithuania
Germany,Russia
Germany,Sweden
Germany,Serbia
Germany,Cyprus
Germany,Norway
Greece,Italy
Greece,France
Greece,Switzerland
Greece,Ukraine
Greece,Finland
Greece,Malta
Greece,Russia
Greece,Bulgaria
Greece,Moldova
Greece,Cyprus
Greece,Belgium
Greece,Azerbaijan
Greece,Albania
Greece,San_Marino
Iceland,Italy
Iceland,France
Iceland,Switzerland
Iceland,Ukraine
Iceland,Finland
Iceland,Malta
Iceland,Lithuania
Iceland,Russia
Iceland,Greece
Iceland,Bulgaria
Iceland,Portugal
Iceland,Sweden
Iceland,Norway
Ireland,Italy
Ireland,France
Ireland,Switzerland
Ireland,Iceland
Ireland,Ukraine
Ireland,Finland
Ireland,Malta
Ireland,Lithuania
Ireland,Bulgaria
Ireland,Portugal
Ireland,Sweden
Ireland,Norway
Ireland,Belgium
Ireland,Azerbaijan
Israel,Italy
Israel,France
Israel,Switzerland
Israel,Iceland
Israel,Ukraine
Israel,Finland
Israel,Malta
Israel,Lithuania
Israel,Russia
Israel,Bulgaria
Israel,Cyprus
Israel,Belgium
Israel,Azerbaijan
Italy,France
Italy,Iceland
Italy,Ukraine
Italy,Finland
Italy,Malta
Italy,Lithuania
Italy,Russia
Italy,Portugal
Italy,Moldova
Italy,Serbia
Italy,Israel
Italy,Norway
Italy,Belgium
Italy,Albania
Italy,San_Marino
Latvia,Italy
Latvia,France
Latvia,Switzerland
Latvia,Iceland
Latvia,Ukraine
Latvia,Finland
Latvia,Malta
Latvia,Lithuania
Latvia,Russia
Latvia,Bulgaria
Latvia,Sweden
Latvia,Norway
Lithuania,Italy
Lithuania,France
Lithuania,Switzerland
Lithuania,Iceland
Lithuania,Ukraine
Lithuania,Finland
Lithuania,Malta
Lithuania,Russia
Lithuania,Bulgaria
Lithuania,Portugal
Lithuania,Sweden
Lithuania,Israel
Lithuania,Norway
Lithuania,Belgium
Malta,Italy
Malta,France
Malta,Switzerland
Malta,Iceland
Malta,Ukraine
Malta,Finland
Malta,Lithuania
Malta,Greece
Malta,Portugal
Malta,Sweden
Malta,Serbia
Malta,Cyprus
Malta,Norway
Malta,Albania
Malta,San_Marino
Moldova,Italy
Moldova,France
Moldova,Switzerland
Moldova,Iceland
Moldova,Ukraine
Moldova,Finland
Moldova,Malta
Moldova,Lithuania
Moldova,Russia
Moldova,Greece
Moldova,Bulgaria
Moldova,Portugal
Moldova,Sweden
Moldova,Cyprus
Moldova,Azerbaijan
Netherlands,Italy
Netherlands,France
Netherlands,Switzerland
Netherlands,Iceland
Netherlands,Ukraine
Netherlands,Finland
Netherlands,Malta
Netherlands,Lithuania
Netherlands,Russia
Netherlands,Greece
Netherlands,Portugal
Netherlands,Israel
Netherlands,Belgium
Netherlands,Azerbaijan
Netherlands,Albania
North_Macedonia,Italy
North_Macedonia,France
North_Macedonia,Switzerland
North_Macedonia,Iceland
North_Macedonia,Ukraine
North_Macedonia,Finland
North_Macedonia,Malta
North_Macedonia,Russia
North_Macedonia,Sweden
North_Macedonia,Serbia
North_Macedonia,Cyprus
North_Macedonia,Israel
North_Macedonia,Azerbaijan
North_Macedonia,Albania
Norway,Italy
Norway,France
Norway,Switzerland
Norway,Iceland
Norway,Ukraine
Norway,Finland
Norway,Malta
Norway,Lithuania
Norway,Greece
Norway,Bulgaria
Norway,Sweden
Norway,Israel
Norway,Azerbaijan
Poland,Italy
Poland,France
Poland,Switzerland
Poland,Iceland
Poland,Ukraine
Poland,Finland
Poland,Malta
Poland,Lithuania
Poland,Russia
Poland,Portugal
Poland,Sweden
Poland,Israel
Poland,Norway
Poland,Belgium
Poland,San_Marino
Portugal,Italy
Portugal,France
Portugal,Switzerland
Portugal,Iceland
Portugal,Ukraine
Portugal,Finland
Portugal,Malta
Portugal,Russia
Portugal,Greece
Portugal,Bulgaria
Portugal,Moldova
Portugal,Sweden
Portugal,Belgium
Portugal,Netherlands
Romania,Italy
Romania,France
Romania,Switzerland
Romania,Ukraine
Romania,Finland
Romania,Malta
Romania,Lithuania
Romania,Bulgaria
Romania,Portugal
Romania,Moldova
Romania,Israel
Romania,Azerbaijan
Romania,Germany
Russia,Italy
Russia,France
Russia,Switzerland
Russia,Iceland
Russia,Ukraine
Russia,Finland
Russia,Malta
Russia,Lithuania
Russia,Greece
Russia,Bulgaria
Russia,Moldova
Russia,Cyprus
Russia,Israel
Russia,Belgium
Russia,Azerbaijan
San_Marino,Italy
San_Marino,France
San_Marino,Switzerland
San_Marino,Ukraine
San_Marino,Finland
San_Marino,Malta
San_Marino,Lithuania
San_Marino,Russia
San_Marino,Greece
San_Marino,Bulgaria
San_Marino,Moldova
San_Marino,Cyprus
San_Marino,Albania
Serbia,Italy
Serbia,France
Serbia,Switzerland
Serbia,Iceland
Serbia,Ukraine
Serbia,Finland
Serbia,Russia
Serbia,Greece
Serbia,Bulgaria
Serbia,Portugal
Serbia,Sweden
Serbia,Cyprus
Serbia,Israel
Serbia,Azerbaijan
Slovenia,Italy
Slovenia,France
Slovenia,Switzerland
Slovenia,Iceland
Slovenia,Ukraine
Slovenia,Finland
Slovenia,Malta
Slovenia,Russia
Slovenia,Greece
Slovenia,Serbia
Slovenia,Israel
Slovenia,Norway
Slovenia,Belgium
Spain,Italy
Spain,France
Spain,Switzerland
Spain,Iceland
Spain,Ukraine
Spain,Finland
Spain,Malta
Spain,Lithuania
Spain,Greece
Spain,Bulgaria
Spain,Portugal
Spain,Cyprus
Spain,Israel
Sweden,Italy
Sweden,France
Sweden,Switzerland
Sweden,Iceland
Sweden,Ukraine
Sweden,Finland
Sweden,Malta
Sweden,Lithuania
Sweden,Russia
Sweden,Serbia
Sweden,Israel
Sweden,Norway
Sweden,Belgium
Switzerland,Italy
Switzerland,France
Switzerland,Iceland
Switzerland,Ukraine
Switzerland,Finland
Switzerland,Malta
Switzerland,Lithuania
Switzerland,Russia
Switzerland,Bulgaria
Switzerland,Portugal
Switzerland,Sweden
Switzerland,Serbia
Switzerland,Azerbaijan
Switzerland,Albania
Ukraine,Italy
Ukraine,France
Ukraine,Switzerland
Ukraine,Iceland
Ukraine,Finland
Ukraine,Malta
Ukraine,Lithuania
Ukraine,Russia
Ukraine,Portugal
Ukraine,Sweden
Ukraine,Israel
Ukraine,Norway
Ukraine,Belgium
Ukraine,Azerbaijan
United_Kingdom,Italy
United_Kingdom,France
United_Kingdom,Switzerland
United_Kingdom,Iceland
United_Kingdom,Ukraine
United_Kingdom,Finland
United_Kingdom,Malta
United_Kingdom,Lithuania
United_Kingdom,Bulgaria
United_Kingdom,Portugal
United_Kingdom,Israel
United_Kingdom,Norway
United_Kingdom,Belgium
United_Kingdom,San_Marino
United_Kingdom,Spain
